Date,WORLD MID GROWTH Mid Cap
1997-01-31,439.61
1997-02-28,435.584
1997-03-31,418.53
1997-04-30,419.949
1997-05-30,457.098
1997-06-30,471.158
1997-07-31,490.221
1997-08-29,476.9
1997-09-30,494.407
1997-10-31,465.387
1997-11-28,455.138
1997-12-31,452.915
1998-01-30,456.428
1998-02-27,495.379
1998-03-31,519.653
1998-04-30,531.231
1998-05-29,518.965
1998-06-30,523.957
1998-07-31,513.07
1998-08-31,421.346
1998-09-30,430.573
1998-10-30,467.273
1998-11-30,492.989
1998-12-31,533.81
1999-01-29,556.326
1999-02-26,524.896
1999-03-31,544.849
1999-04-30,571.372
1999-05-31,566.404
1999-06-30,604.814
1999-07-30,611.45
1999-08-31,626.686
1999-09-30,628.808
1999-10-29,662.862
1999-11-30,743.688
1999-12-31,873.257
2000-01-31,851.493
2000-02-29,1041.924
2000-03-31,984.226
2000-04-28,857.121
2000-05-31,788.969
2000-06-30,863.062
2000-07-31,821.501
2000-08-31,890.677
2000-09-29,838.268
2000-10-31,758.349
2000-11-30,624.118
2000-12-29,642.715
2001-01-31,670.049
2001-02-28,580.745
2001-03-30,511.057
2001-04-30,577.037
2001-05-31,570.017
2001-06-29,554.514
2001-07-31,523.456
2001-08-31,488.364
2001-09-28,413.304
2001-10-31,448.271
2001-11-30,481.153
2001-12-31,489.3
2002-01-31,472.094
2002-02-28,455.887
2002-03-29,487.246
2002-04-30,473.509
2002-05-31,471.279
2002-06-28,435.383
2002-07-31,388.84
2002-08-30,386.44
2002-09-30,353.221
2002-10-31,377.214
2002-11-29,403.395
2002-12-31,378.604
2003-01-31,370.86
2003-02-28,364.227
2003-03-31,368.143
2003-04-30,396.768
2003-05-30,433.765
2003-06-30,438.733
2003-07-31,451.671
2003-08-29,475.256
2003-09-30,475.05
2003-10-31,515.03
2003-11-28,524.375
2003-12-31,541.842
2004-01-30,559.332
2004-02-27,567.552
2004-03-31,568.6
2004-04-30,551.172
2004-05-31,561.47
2004-06-30,574.31
2004-07-30,539.574
2004-08-31,536.563
2004-09-30,557.951
2004-10-29,579.353
2004-11-30,620.033
2004-12-31,646.443
2005-01-31,631.564
2005-02-28,653.697
2005-03-31,641.898
2005-04-29,617.959
2005-05-31,637.762
2005-06-30,652.487
2005-07-29,682.86
2005-08-31,691.38
2005-09-30,710.08
2005-10-31,689.049
2005-11-30,722.332
2005-12-30,747.884
2006-01-31,801.072
2006-02-28,791.606
2006-03-31,818.4
2006-04-28,839.953
2006-05-31,800.935
2006-06-30,797.505
2006-07-31,780.943
2006-08-31,803.841
2006-09-29,814.978
2006-10-31,846.733
2006-11-30,878.725
2006-12-29,890.459
2007-01-31,905.574
2007-02-28,911.806
2007-03-30,931.97
2007-04-30,970.391
2007-05-31,1000.0
2007-06-29,994.101
2007-07-31,974.244
2007-08-31,962.22
2007-09-28,1004.407
2007-10-31,1039.502
2007-11-30,980.902
2007-12-31,979.949
2008-01-31,888.369
2008-02-29,899.394
2008-03-31,884.187
2008-04-30,938.124
2008-05-30,975.044
2008-06-30,907.971
2008-07-31,849.714
2008-08-29,839.625
2008-09-30,697.25
2008-10-31,530.404
2008-11-28,493.2
2008-12-31,517.968
2009-01-30,487.028
2009-02-27,447.433
2009-03-31,479.289
2009-04-30,538.45
2009-05-29,583.434
2009-06-30,582.264
2009-07-31,625.632
2009-08-31,651.998
2009-09-30,688.665
2009-10-30,666.16
2009-11-30,690.58
2009-12-31,720.333
2010-01-29,689.692
2010-02-26,707.799
2010-03-31,755.577
2010-04-30,770.149
2010-05-31,698.967
2010-06-30,676.04
2010-07-30,729.789
2010-08-31,705.274
2010-09-30,788.397
2010-10-29,818.729
2010-11-30,819.591
2010-12-31,882.356
2011-01-31,893.806
2011-02-28,927.653
2011-03-31,937.161
2011-04-29,976.392
2011-05-31,963.716
2011-06-30,945.345
2011-07-29,926.028
2011-08-31,859.315
2011-09-30,763.729
2011-10-31,857.566
2011-11-30,834.022
2011-12-30,821.104
2012-01-31,872.267
2012-02-29,916.104
2012-03-30,925.052
2012-04-30,920.014
2012-05-31,833.435
2012-06-29,862.163
2012-07-31,868.49
2012-08-31,897.323
2012-09-28,922.541
2012-10-31,911.735
2012-11-30,926.767
2012-12-31,946.702
2013-01-31,994.264
2013-02-28,1002.079
2013-03-29,1030.215
2013-04-30,1048.617
2013-05-31,1058.482
2013-06-28,1035.176
2013-07-31,1094.29
2013-08-30,1076.432
2013-09-30,1140.093
2013-10-31,1165.931
2013-11-29,1174.056
2013-12-31,1205.75
2014-01-31,1174.678
2014-02-28,1248.128
2014-03-31,1232.37
2014-04-30,1226.852
2014-05-30,1257.165
2014-06-30,1284.49
2014-07-31,1253.792
2014-08-29,1289.42
2014-09-30,1234.306
2014-10-31,1248.171
2014-11-28,1274.372
2014-12-31,1263.239
2015-01-30,1246.396
2015-02-27,1329.783
2015-03-31,1322.807
2015-04-30,1345.533
2015-05-29,1352.461
2015-06-30,1329.306
2015-07-31,1347.736
2015-08-31,1274.456
2015-09-30,1218.866
2015-10-30,1306.046
2015-11-30,1309.257
2015-12-31,1286.731
2016-01-29,1187.775
2016-02-29,1195.451
2016-03-31,1288.564
2016-04-29,1304.081
2016-05-31,1315.363
2016-06-30,1287.681
2016-07-29,1358.261
2016-08-31,1345.301
2016-09-30,1355.957
2016-10-31,1308.229
2016-11-30,1317.805
2016-12-30,1323.589
2017-01-31,1374.323
2017-02-28,1403.463
2017-03-31,1420.047
2017-04-28,1451.918
2017-05-31,1487.733
2017-06-30,1491.208
2017-07-31,1523.943
2017-08-31,1530.419
2017-09-29,1566.17
2017-10-31,1599.596
2017-11-30,1636.022
2017-12-29,1662.497
2018-01-31,1751.361
2018-02-28,1679.999
2018-03-30,1665.412
2018-04-30,1672.066
2018-05-31,1703.471
2018-06-29,1696.875
2018-07-31,1729.819
2018-08-31,1756.988
2018-09-28,1747.05
2018-10-31,1555.607
2018-11-30,1557.433
2018-12-31,1442.807
2019-01-31,1575.655
2019-02-28,1638.741
2019-03-29,1660.497
2019-04-30,1720.215
2019-05-31,1633.069
2019-06-28,1748.397
2019-07-31,1753.028
2019-08-30,1718.755
2019-09-30,1728.658
2019-10-31,1779.613
2019-11-29,1846.315
2019-12-31,1882.722
2020-01-31,1884.542
2020-02-28,1728.79
2020-03-31,1489.175
2020-04-30,1679.883
2020-05-29,1833.047
2020-06-30,1883.014
2020-07-31,2006.192
2020-08-31,2089.494
2020-09-30,2065.007
2020-10-30,2045.968
2020-11-30,2306.34
2020-12-31,2434.92
2021-01-29,2406.987
2021-02-26,2441.624
2021-03-31,2429.971
2021-04-30,2556.371
2021-05-31,2568.621
2021-06-30,2641.181
2021-07-30,2682.225
2021-08-31,2755.565
2021-09-30,2631.791
2021-10-29,2774.349
2021-11-30,2685.891
2021-12-31,2734.858
2022-01-31,2402.644
2022-02-28,2371.066
2022-03-31,2405.292
2022-04-29,2152.208
2022-05-31,2116.402
2022-06-30,1929.791
2022-07-29,2119.628
2022-08-31,2030.403
2022-09-30,1828.322
2022-10-31,1930.516
2022-11-30,2090.773
2022-12-30,2018.603
2023-01-31,2197.604
2023-02-28,2145.389
2023-03-31,2187.28
2023-04-28,2174.729
2023-05-31,2152.753
2023-06-30,2271.959
2023-07-31,2355.528
2023-08-31,2267.335
2023-09-29,2145.208
2023-10-31,2012.436
2023-11-30,2246.818
2023-12-29,2412.235
2024-01-31,2384.244
2024-02-29,2523.874
2024-03-29,2592.448
2024-04-30,2446.939
2024-05-31,2499.805
2024-06-28,2501.553
2024-07-31,2571.486
2024-08-30,2639.767
2024-09-30,2719.244
2024-10-31,2652.63
2024-11-29,2858.385
2024-12-31,2717.939
2025-01-31,2866.0
2025-02-28,2797.403
2025-03-31,2659.159
2025-04-30,2768.893
2025-05-30,2993.416
2025-06-30,3142.065
2025-07-31,3163.407
2025-08-29,3206.031
2025-09-30,3240.499
2025-10-31,3269.331
2025-11-28,3212.777
2025-12-31,3224.334
2026-01-30,3292.981
2026-02-27,3392.75
2026-03-31,3091.19
2026-04-30,3435.217
2026-05-29,3619.929
2026-06-30,3578.137
2026-07-31,3411.006
2026-08-31,3527.919
