Date,WORLD IMI VALUE IMI (Large+Mid+Small Cap)
1997-01-31,355.389
1997-02-28,360.416
1997-03-31,353.587
1997-04-30,359.44
1997-05-30,384.153
1997-06-30,400.466
1997-07-31,414.616
1997-08-29,395.257
1997-09-30,414.328
1997-10-31,397.742
1997-11-28,400.078
1997-12-31,405.28
1998-01-30,412.212
1998-02-27,438.774
1998-03-31,459.025
1998-04-30,460.948
1998-05-29,456.606
1998-06-30,457.759
1998-07-31,450.574
1998-08-31,390.2
1998-09-30,397.006
1998-10-30,429.709
1998-11-30,447.78
1998-12-31,458.432
1999-01-29,456.556
1999-02-26,447.671
1999-03-31,463.067
1999-04-30,499.942
1999-05-31,485.582
1999-06-30,499.954
1999-07-30,499.213
1999-08-31,492.097
1999-09-30,483.864
1999-10-29,498.096
1999-11-30,495.701
1999-12-31,508.177
2000-01-31,481.767
2000-02-29,464.135
2000-03-31,501.299
2000-04-28,489.015
2000-05-31,491.908
2000-06-30,497.666
2000-07-31,490.595
2000-08-31,509.13
2000-09-29,503.856
2000-10-31,505.843
2000-11-30,491.378
2000-12-29,516.61
2001-01-31,521.409
2001-02-28,502.743
2001-03-30,479.672
2001-04-30,505.576
2001-05-31,508.93
2001-06-29,498.801
2001-07-31,494.662
2001-08-31,485.097
2001-09-28,443.052
2001-10-31,445.422
2001-11-30,463.051
2001-12-31,469.605
2002-01-31,460.54
2002-02-28,463.932
2002-03-29,488.362
2002-04-30,486.32
2002-05-31,493.775
2002-06-28,466.615
2002-07-31,427.289
2002-08-30,430.748
2002-09-30,384.268
2002-10-31,404.788
2002-11-29,425.973
2002-12-31,411.497
2003-01-31,398.995
2003-02-28,390.771
2003-03-31,387.21
2003-04-30,423.232
2003-05-30,451.055
2003-06-30,460.035
2003-07-31,468.045
2003-08-29,478.293
2003-09-30,482.444
2003-10-31,510.318
2003-11-28,518.848
2003-12-31,557.267
2004-01-30,565.441
2004-02-27,577.92
2004-03-31,578.067
2004-04-30,563.99
2004-05-31,569.116
2004-06-30,585.762
2004-07-30,574.637
2004-08-31,580.847
2004-09-30,592.76
2004-10-29,606.611
2004-11-30,641.193
2004-12-31,664.294
2005-01-31,652.3
2005-02-28,677.415
2005-03-31,664.306
2005-04-29,649.7
2005-05-31,658.049
2005-06-30,668.048
2005-07-29,688.992
2005-08-31,693.029
2005-09-30,711.719
2005-10-31,692.968
2005-11-30,714.644
2005-12-30,730.808
2006-01-31,764.402
2006-02-28,769.487
2006-03-31,786.324
2006-04-28,813.531
2006-05-31,790.082
2006-06-30,791.125
2006-07-31,804.86
2006-08-31,823.923
2006-09-29,833.998
2006-10-31,865.953
2006-11-30,888.179
2006-12-29,913.43
2007-01-31,921.645
2007-02-28,918.464
2007-03-30,934.303
2007-04-30,973.826
2007-05-31,1000.0
2007-06-29,987.277
2007-07-31,952.918
2007-08-31,947.542
2007-09-28,982.445
2007-10-31,1003.796
2007-11-30,953.344
2007-12-31,935.474
2008-01-31,873.959
2008-02-29,856.78
2008-03-31,850.979
2008-04-30,891.65
2008-05-30,892.745
2008-06-30,807.066
2008-07-31,794.487
2008-08-29,788.364
2008-09-30,708.988
2008-10-31,574.786
2008-11-28,542.521
2008-12-31,560.159
2009-01-30,498.242
2009-02-27,436.863
2009-03-31,472.475
2009-04-30,540.08
2009-05-29,590.89
2009-06-30,585.662
2009-07-31,639.661
2009-08-31,679.502
2009-09-30,704.654
2009-10-30,684.394
2009-11-30,709.802
2009-12-31,719.704
2010-01-29,695.905
2010-02-26,702.595
2010-03-31,747.66
2010-04-30,750.23
2010-05-31,677.601
2010-06-30,651.555
2010-07-30,706.447
2010-08-31,678.004
2010-09-30,735.257
2010-10-29,759.135
2010-11-30,736.685
2010-12-31,796.918
2011-01-31,821.973
2011-02-28,853.828
2011-03-31,843.516
2011-04-29,877.538
2011-05-31,855.451
2011-06-30,841.263
2011-07-29,816.5
2011-08-31,755.555
2011-09-30,693.902
2011-10-31,761.902
2011-11-30,740.846
2011-12-30,747.456
2012-01-31,781.743
2012-02-29,817.506
2012-03-30,825.61
2012-04-30,811.968
2012-05-31,741.576
2012-06-29,785.375
2012-07-31,792.331
2012-08-31,810.973
2012-09-28,836.439
2012-10-31,837.91
2012-11-30,842.545
2012-12-31,867.077
2013-01-31,918.522
2013-02-28,917.576
2013-03-29,937.982
2013-04-30,972.197
2013-05-31,972.388
2013-06-28,950.029
2013-07-31,1000.41
2013-08-30,974.052
2013-09-30,1021.374
2013-10-31,1065.355
2013-11-29,1081.65
2013-12-31,1102.252
2014-01-31,1064.261
2014-02-28,1114.028
2014-03-31,1127.214
2014-04-30,1142.23
2014-05-30,1156.732
2014-06-30,1180.758
2014-07-31,1158.407
2014-08-29,1179.608
2014-09-30,1140.553
2014-10-31,1144.682
2014-11-28,1156.188
2014-12-31,1141.476
2015-01-30,1110.278
2015-02-27,1170.423
2015-03-31,1148.225
2015-04-30,1180.829
2015-05-29,1180.51
2015-06-30,1149.237
2015-07-31,1155.65
2015-08-31,1083.17
2015-09-30,1042.422
2015-10-30,1119.944
2015-11-30,1112.367
2015-12-31,1089.08
2016-01-29,1024.925
2016-02-29,1020.044
2016-03-31,1092.517
2016-04-29,1119.907
2016-05-31,1122.418
2016-06-30,1107.759
2016-07-29,1151.857
2016-08-31,1161.801
2016-09-30,1166.428
2016-10-31,1154.385
2016-11-30,1190.052
2016-12-30,1230.724
2017-01-31,1248.273
2017-02-28,1276.889
2017-03-31,1282.423
2017-04-28,1291.081
2017-05-31,1300.033
2017-06-30,1318.498
2017-07-31,1348.336
2017-08-31,1337.739
2017-09-29,1380.067
2017-10-31,1393.016
2017-11-30,1422.08
2017-12-29,1442.316
2018-01-31,1500.321
2018-02-28,1424.934
2018-03-30,1397.93
2018-04-30,1416.89
2018-05-31,1403.309
2018-06-29,1400.391
2018-07-31,1447.405
2018-08-31,1441.869
2018-09-28,1450.732
2018-10-31,1367.201
2018-11-30,1387.516
2018-12-31,1276.752
2019-01-31,1373.548
2019-02-28,1408.966
2019-03-29,1409.193
2019-04-30,1449.742
2019-05-31,1357.082
2019-06-28,1440.048
2019-07-31,1437.752
2019-08-30,1391.397
2019-09-30,1446.154
2019-10-31,1477.71
2019-11-29,1507.762
2019-12-31,1555.238
2020-01-31,1507.823
2020-02-28,1361.716
2020-03-31,1120.686
2020-04-30,1222.954
2020-05-29,1259.013
2020-06-30,1269.931
2020-07-31,1301.525
2020-08-31,1364.036
2020-09-30,1320.251
2020-10-30,1288.345
2020-11-30,1485.763
2020-12-31,1544.827
2021-01-29,1534.062
2021-02-26,1610.334
2021-03-31,1699.205
2021-04-30,1753.892
2021-05-31,1803.964
2021-06-30,1778.988
2021-07-30,1786.388
2021-08-31,1816.578
2021-09-30,1762.953
2021-10-29,1840.272
2021-11-30,1769.131
2021-12-31,1882.122
2022-01-31,1852.535
2022-02-28,1827.46
2022-03-31,1866.767
2022-04-29,1770.986
2022-05-31,1806.226
2022-06-30,1643.488
2022-07-29,1724.942
2022-08-31,1671.871
2022-09-30,1526.279
2022-10-31,1673.311
2022-11-30,1793.068
2022-12-30,1747.469
2023-01-31,1837.362
2023-02-28,1785.665
2023-03-31,1765.325
2023-04-28,1794.756
2023-05-31,1714.056
2023-06-30,1817.083
2023-07-31,1890.95
2023-08-31,1836.306
2023-09-29,1781.09
2023-10-31,1716.443
2023-11-30,1845.28
2023-12-29,1953.339
2024-01-31,1952.098
2024-02-29,1996.762
2024-03-29,2090.986
2024-04-30,2017.189
2024-05-31,2083.172
2024-06-28,2061.034
2024-07-31,2167.24
2024-08-30,2222.965
2024-09-30,2260.866
2024-10-31,2210.617
2024-11-29,2300.167
2024-12-31,2168.239
2025-01-31,2262.745
2025-02-28,2289.936
2025-03-31,2257.618
2025-04-30,2228.346
2025-05-30,2300.896
2025-06-30,2386.618
2025-07-31,2398.067
2025-08-29,2491.842
2025-09-30,2533.105
2025-10-31,2519.53
2025-11-28,2575.5
2025-12-31,2618.769
2026-01-30,2744.203
2026-02-27,2826.819
2026-03-31,2650.742
2026-04-30,2840.365
2026-05-29,2903.646
2026-06-30,2896.289
2026-07-31,2995.735
2026-08-31,3069.267
